,name,link,price
0,Brooks Glycerin 19,['https://www.runningfree.com/products/Shoes-27/Womens-727/Neutral-Cushion-35/Brooks-Glycerin-19-p56714/?pstart=1'],On Sale $ 149.99
1,Hoka Rincon 3,['https://www.runningfree.com/products/Shoes-27/Womens-727/Neutral-Cushion-35/Hoka-Rincon-3-p59827/?pstart=1'],$ 149.99
2,Hoka Clifton Edge,['https://www.runningfree.com/products/Shoes-27/Womens-727/Neutral-Cushion-35/Hoka-Clifton-Edge-p58311/?pstart=1'],On Sale $ 169.99
3,Saucony Ride 14,['https://www.runningfree.com/products/Shoes-27/Womens-727/Neutral-Cushion-35/Saucony-Ride-14-p59673/?pstart=1'],On Sale $ 119.99
4,Brooks Ghost 14,['https://www.runningfree.com/products/Shoes-27/Womens-727/Neutral-Cushion-35/Brooks-Ghost-14-p57272/?pstart=1'],On Sale $ 125.00
5,Hoka Bondi 8,['https://www.runningfree.com/products/Shoes-27/Womens-727/Neutral-Cushion-35/Hoka-Bondi-8-p59765/?pstart=1'],$ 199.99
6,Hoka Clifton 8,['https://www.runningfree.com/products/Shoes-27/Womens-727/Neutral-Cushion-35/Hoka-Clifton-8-p57083/?pstart=1'],$ 179.99
7,Saucony Triumph 20,['https://www.runningfree.com/products/Shoes-27/Womens-727/Neutral-Cushion-35/Saucony-Triumph-20-p60165/?pstart=1'],$ 209.99
8,Brooks Glycerin 20,['https://www.runningfree.com/products/Shoes-27/Womens-727/Neutral-Cushion-35/Brooks-Glycerin-20-p59860/?pstart=1'],$ 199.99
9,NB Fresh Foam X 880v12,['https://www.runningfree.com/products/Shoes-27/Womens-727/Neutral-Cushion-35/NB-Fresh-Foam-X-880v12-p58917/?pstart=1'],$ 179.99
10,Altra Escalante 3,['https://www.runningfree.com/products/Shoes-27/Womens-727/Neutral-Cushion-35/Altra-Escalante-3-p59628/?pstart=1'],$ 189.99
11,Saucony Fastwitch 9,['https://www.runningfree.com/products/Shoes-27/Womens-727/Neutral-Cushion-35/Saucony-Fastwitch-9-p60531/?pstart=1'],On Sale $ 80.00
12,Altra Rivera 2,['https://www.runningfree.com/products/Shoes-27/Womens-727/Neutral-Cushion-35/Altra-Rivera-2-p60528/?pstart=1'],$ 174.99
13,NB FuelCell Rebel v2,['https://www.runningfree.com/products/Shoes-27/Womens-727/Neutral-Cushion-35/NB-FuelCell-Rebel-v2-p60117/?pstart=1'],On Sale $ 149.99
14,Altra Torin 5,['https://www.runningfree.com/products/Shoes-27/Womens-727/Neutral-Cushion-35/Altra-Torin-5-p57199/?pstart=1'],On Sale $ 139.99
15,Asics Gel Cumulus 24,['https://www.runningfree.com/products/Shoes-27/Womens-727/Neutral-Cushion-35/Asics-Gel-Cumulus-24-p58219/?pstart=1'],$ 169.99
16,NB Fresh Foam X 1080 v12,['https://www.runningfree.com/products/Shoes-27/Womens-727/Neutral-Cushion-35/NB-Fresh-Foam-X-1080-v12-p58914/?pstart=1'],$ 199.99
17,Asics Gel Nimbus 24,['https://www.runningfree.com/products/Shoes-27/Womens-727/Neutral-Cushion-35/Asics-Gel-Nimbus-24-p58239/?pstart=1'],$ 209.99
18,Asics Gel Nimbus Lite 3,['https://www.runningfree.com/products/Shoes-27/Womens-727/Neutral-Cushion-35/Asics-Gel-Nimbus-Lite-3-p59389/?pstart=1'],On Sale $ 160.00
19,Saucony Echelon 8,['https://www.runningfree.com/products/Shoes-27/Womens-727/Neutral-Cushion-35/Saucony-Echelon-8-p57296/?pstart=1'],$ 159.99
20,Mizuno Wave Rider 26,['https://www.runningfree.com/products/Shoes-27/Womens-727/Neutral-Cushion-35/Mizuno-Wave-Rider-26-p60111/?pstart=1'],$ 189.99
21,Hoka Rocket X,['https://www.runningfree.com/products/Shoes-27/Womens-727/Neutral-Cushion-35/Hoka-Rocket-X-p58600/?pstart=1'],On Sale $ 179.99
22,Saucony Triumph 19,['https://www.runningfree.com/products/Shoes-27/Womens-727/Neutral-Cushion-35/Saucony-Triumph-19-p58494/?pstart=1'],On Sale $ 159.99
23,Altra Torin 6,['https://www.runningfree.com/products/Shoes-27/Womens-727/Neutral-Cushion-35/Altra-Torin-6-p59627/?pstart=1'],$ 199.99
24,Brooks Launch GTS 9,['https://www.runningfree.com/products/Shoes-27/Womens-727/Neutral-Cushion-35/Brooks-Launch-GTS-9-p58363/?pstart=49'],On Sale $ 125.99
25,Saucony Ride 15,['https://www.runningfree.com/products/Shoes-27/Womens-727/Neutral-Cushion-35/Saucony-Ride-15-p58481/?pstart=49'],$ 179.99
26,NB W1080K v10,['https://www.runningfree.com/products/Shoes-27/Womens-727/Neutral-Cushion-35/NB-W1080K-v10-p54220/?pstart=49'],On Sale $ 119.99
27,Mizuno Wave Rider 25,['https://www.runningfree.com/products/Shoes-27/Womens-727/Neutral-Cushion-35/Mizuno-Wave-Rider-25-p57205/?pstart=49'],On Sale $ 139.99
28,NB Fresh Foam X 880v12 GTX,['https://www.runningfree.com/products/Shoes-27/Womens-727/Neutral-Cushion-35/NB-Fresh-Foam-X-880v12-GTX-p60725/?pstart=49'],$ 209.99
29,Salomon Phantasm,['https://www.runningfree.com/products/Shoes-27/Womens-727/Neutral-Cushion-35/Salomon-Phantasm-p58681/?pstart=49'],$ 199.99
30,Saucony Type A,['https://www.runningfree.com/products/Shoes-27/Womens-727/Neutral-Cushion-35/Saucony-Type-A-p46285/?pstart=49'],On Sale $ 50.00
31,Asics Gel Noosa Tri 14,['https://www.runningfree.com/products/Shoes-27/Womens-727/Neutral-Cushion-35/Asics-Gel-Noosa-Tri-14-p58286/?pstart=49'],On Sale $ 129.99
32,NB W840BM v5,['https://www.runningfree.com/products/Shoes-27/Womens-727/Neutral-Cushion-35/NB-W840BM-v5-p58921/?pstart=49'],$ 179.99
33,Brooks Ghost 13,['https://www.runningfree.com/products/Shoes-27/Womens-727/Neutral-Cushion-35/Brooks-Ghost-13-p58299/?pstart=49'],On Sale $ 119.99
34,Salomon Sonic 4 GTX,['https://www.runningfree.com/products/Shoes-27/Womens-727/Neutral-Cushion-35/Salomon-Sonic-4-GTX-p57552/?pstart=49'],On Sale $ 139.99
35,NB W880E v11,['https://www.runningfree.com/products/Shoes-27/Womens-727/Neutral-Cushion-35/NB-W880E-v11-p56877/?pstart=49'],On Sale $ 119.99
36,Altra Vanish Carbon,['https://www.runningfree.com/products/Shoes-27/Womens-727/Neutral-Cushion-35/Altra-Vanish-Carbon-p58673/?pstart=49'],$ 259.99
37,On Cloudflow,['https://www.runningfree.com/products/Shoes-27/Womens-727/Neutral-Cushion-35/On-Cloudflow-p59888/?pstart=49'],$ 169.99
38,NB W1080N v11,['https://www.runningfree.com/products/Shoes-27/Womens-727/Neutral-Cushion-35/NB-W1080N-v11-p57438/?pstart=49'],On Sale $ 149.99
39,On Cloudmonster,['https://www.runningfree.com/products/Shoes-27/Womens-727/Neutral-Cushion-35/On-Cloudmonster-p58887/?pstart=49'],$ 199.99
40,NB Fresh Foam X More v4,['https://www.runningfree.com/products/Shoes-27/Womens-727/Neutral-Cushion-35/NB-Fresh-Foam-X-More-v4-p60433/?pstart=49'],$ 189.99
41,Brooks Hyperion Tempo,['https://www.runningfree.com/products/Shoes-27/Womens-727/Neutral-Cushion-35/Brooks-Hyperion-Tempo-p56019/?pstart=49'],On Sale $ 149.99
42,Hoka Bondi SR,['https://www.runningfree.com/products/Shoes-27/Womens-727/Neutral-Cushion-35/Hoka-Bondi-SR-p58504/?pstart=49'],$ 199.99
43,Saucony Endorphin Pro 2,['https://www.runningfree.com/products/Shoes-27/Womens-727/Neutral-Cushion-35/Saucony-Endorphin-Pro-2-p58369/?pstart=49'],On Sale $ 199.99
44,On Cloudstratus,['https://www.runningfree.com/products/Shoes-27/Womens-727/Neutral-Cushion-35/On-Cloudstratus-p59904/?pstart=49'],$ 219.99
45,Hoka Mach Supersonic,['https://www.runningfree.com/products/Shoes-27/Womens-727/Neutral-Cushion-35/Hoka-Mach-Supersonic-p58538/?pstart=49'],On Sale $ 159.99
46,Hoka Mach 5,['https://www.runningfree.com/products/Shoes-27/Womens-727/Neutral-Cushion-35/Hoka-Mach-5-p59820/?pstart=49'],$ 164.99
47,Hoka Kawana,['https://www.runningfree.com/products/Shoes-27/Womens-727/Neutral-Cushion-35/Hoka-Kawana-p58532/?pstart=49'],$ 159.99
48,Saucony Endorphin Speed 3,['https://www.runningfree.com/products/Shoes-27/Womens-727/Neutral-Cushion-35/Saucony-Endorphin-Speed-3-p60191/?pstart=49'],$ 209.99
49,Asics Gel-Contend 7,['https://www.runningfree.com/products/Shoes-27/Womens-727/Neutral-Cushion-35/Asics-GelContend-7-p60073/?pstart=49'],$ 99.99
50,Saucony Endorphin Pro 3,['https://www.runningfree.com/products/Shoes-27/Womens-727/Neutral-Cushion-35/Saucony-Endorphin-Pro-3-p59382/?pstart=49'],$ 299.99
51,On Cloudgo,['https://www.runningfree.com/products/Shoes-27/Womens-727/Neutral-Cushion-35/On-Cloudgo-p59896/?pstart=49'],$ 169.99
52,Brooks Glycerin 20 Stealthfit,['https://www.runningfree.com/products/Shoes-27/Womens-727/Neutral-Cushion-35/Brooks-Glycerin-20-Stealthfit-p59863/?pstart=49'],$ 199.99
53,On Cloud X 2.0,['https://www.runningfree.com/products/Shoes-27/Womens-727/Neutral-Cushion-35/On-Cloud-X-20-p58675/?pstart=49'],$ 169.99
54,Saucony Endorphin Speed 2,['https://www.runningfree.com/products/Shoes-27/Womens-727/Neutral-Cushion-35/Saucony-Endorphin-Speed-2-p57200/?pstart=97'],On Sale $ 159.99
55,Altra Rivera,['https://www.runningfree.com/products/Shoes-27/Womens-727/Neutral-Cushion-35/Altra-Rivera-p56368/?pstart=97'],On Sale $ 122.49
56,NB W1080B v11,['https://www.runningfree.com/products/Shoes-27/Womens-727/Neutral-Cushion-35/NB-W1080B-v11-p56476/?pstart=97'],On Sale $ 149.99
57,Hoka Bondi X,['https://www.runningfree.com/products/Shoes-27/Womens-727/Neutral-Cushion-35/Hoka-Bondi-X-p58506/?pstart=97'],$ 239.99
58,Mizuno Wave Rider 25 Waveknit,['https://www.runningfree.com/products/Shoes-27/Womens-727/Neutral-Cushion-35/Mizuno-Wave-Rider-25-Waveknit-p58643/?pstart=97'],On Sale $ 139.99
59,NB FF X 1080 v12 Permafrost,['https://www.runningfree.com/products/Shoes-27/Womens-727/Neutral-Cushion-35/NB-FF-X-1080-v12-Permafrost-p60774/?pstart=97'],$ 209.99
60,Topo Cyclone,['https://www.runningfree.com/products/Shoes-27/Womens-727/Neutral-Cushion-35/Topo-Cyclone-p56557/?pstart=97'],On Sale $ 90.00
61,Brooks Trace,['https://www.runningfree.com/products/Shoes-27/Womens-727/Neutral-Cushion-35/Brooks-Trace-p57935/?pstart=97'],On Sale $ 80.00
62,On Cloudrunner,['https://www.runningfree.com/products/Shoes-27/Womens-727/Neutral-Cushion-35/On-Cloudrunner-p58889/?pstart=97'],$ 169.99
63,Brooks Launch 9,['https://www.runningfree.com/products/Shoes-27/Womens-727/Neutral-Cushion-35/Brooks-Launch-9-p60022/?pstart=97'],On Sale $ 125.99
64,NB Fresh Foam 880v11 GTX,['https://www.runningfree.com/products/Shoes-27/Womens-727/Neutral-Cushion-35/NB-Fresh-Foam-880v11-GTX-p58166/?pstart=97'],$ 209.99
65,Saucony Kinvara 12,['https://www.runningfree.com/products/Shoes-27/Womens-727/Neutral-Cushion-35/Saucony-Kinvara-12-p56195/?pstart=97'],On Sale $ 80.00
66,NB Fresh Foam More v3,['https://www.runningfree.com/products/Shoes-27/Womens-727/Neutral-Cushion-35/NB-Fresh-Foam-More-v3-p60058/?pstart=97'],$ 189.99
67,Saucony Kinvara 13,['https://www.runningfree.com/products/Shoes-27/Womens-727/Neutral-Cushion-35/Saucony-Kinvara-13-p58393/?pstart=97'],$ 139.99
68,On Cloudstratus 2,['https://www.runningfree.com/products/Shoes-27/Womens-727/Neutral-Cushion-35/On-Cloudstratus-2-p57636/?pstart=97'],$ 219.99
69,Nike Air Zoom Vomero 14,['https://www.runningfree.com/products/Shoes-27/Womens-727/Neutral-Cushion-35/Nike-Air-Zoom-Vomero-14-p55097/?pstart=97'],$ 189.99
70,Nike Renew Serenity Run,['https://www.runningfree.com/products/Shoes-27/Womens-727/Neutral-Cushion-35/Nike-Renew-Serenity-Run-p60703/?pstart=97'],$ 104.99
71,Asics Gel Cumulus 23,['https://www.runningfree.com/products/Shoes-27/Womens-727/Neutral-Cushion-35/Asics-Gel-Cumulus-23-p56931/?pstart=97'],On Sale $ 90.00
72,Craft Fuseknit X,['https://www.runningfree.com/products/Shoes-27/Womens-727/Neutral-Cushion-35/Craft-Fuseknit-X-p58154/?pstart=97'],On Sale $ 80.00
73,NB W880F v10,['https://www.runningfree.com/products/Shoes-27/Womens-727/Neutral-Cushion-35/NB-W880F-v10-p57944/?pstart=97'],On Sale $ 80.00
74,Mizuno Wave Neo Ultra,['https://www.runningfree.com/products/Shoes-27/Womens-727/Neutral-Cushion-35/Mizuno-Wave-Neo-Ultra-p60104/?pstart=97'],$ 299.99
75,NB W1080W v11,['https://www.runningfree.com/products/Shoes-27/Womens-727/Neutral-Cushion-35/NB-W1080W-v11-p56589/?pstart=97'],On Sale $ 149.99
76,Mizuno Wave Rider 26 SSW,['https://www.runningfree.com/products/Shoes-27/Womens-727/Neutral-Cushion-35/Mizuno-Wave-Rider-26-SSW-p60109/?pstart=97'],$ 189.99
77,NB W880D v10,['https://www.runningfree.com/products/Shoes-27/Womens-727/Neutral-Cushion-35/NB-W880D-v10-p55681/?pstart=97'],On Sale $ 80.00
78,Hoka Carbon X 2,['https://www.runningfree.com/products/Shoes-27/Womens-727/Neutral-Cushion-35/Hoka-Carbon-X-2-p56301/?pstart=97'],On Sale $ 179.99
79,Saucony Kinvara 11,['https://www.runningfree.com/products/Shoes-27/Womens-727/Neutral-Cushion-35/Saucony-Kinvara-11-p57222/?pstart=145'],On Sale $ 80.00
80,Saucony Type A9,['https://www.runningfree.com/products/Shoes-27/Womens-727/Neutral-Cushion-35/Saucony-Type-A9-p54955/?pstart=145'],$ 139.99
81,NB W880K v10,['https://www.runningfree.com/products/Shoes-27/Womens-727/Neutral-Cushion-35/NB-W880K-v10-p54223/?pstart=145'],On Sale $ 119.99
82,Brooks Levitate 5,['https://www.runningfree.com/products/Shoes-27/Womens-727/Neutral-Cushion-35/Brooks-Levitate-5-p57934/?pstart=145'],On Sale $ 151.99
83,Mizuno Wave Shadow 4,['https://www.runningfree.com/products/Shoes-27/Womens-727/Neutral-Cushion-35/Mizuno-Wave-Shadow-4-p56346/?pstart=145'],On Sale $ 80.00
84,NB Hanzou v2,['https://www.runningfree.com/products/Shoes-27/Womens-727/Neutral-Cushion-35/NB-Hanzou-v2-p56167/?pstart=145'],On Sale $ 70.00
85,Brooks Levitate Stealthfit 5,['https://www.runningfree.com/products/Shoes-27/Womens-727/Neutral-Cushion-35/Brooks-Levitate-Stealthfit-5-p59974/?pstart=145'],On Sale $ 90.00
86,Mizuno Wave Rebellion,['https://www.runningfree.com/products/Shoes-27/Womens-727/Neutral-Cushion-35/Mizuno-Wave-Rebellion-p58640/?pstart=145'],$ 239.99
87,Salomon Spectur,['https://www.runningfree.com/products/Shoes-27/Womens-727/Neutral-Cushion-35/Salomon-Spectur-p58792/?pstart=145'],$ 159.99
88,Brooks Glycerin 17,['https://www.runningfree.com/products/Shoes-27/Womens-727/Neutral-Cushion-35/Brooks-Glycerin-17-p51289/?pstart=145'],On Sale $ 159.99
89,On Cloud X,['https://www.runningfree.com/products/Shoes-27/Womens-727/Neutral-Cushion-35/On-Cloud-X-p57638/?pstart=145'],$ 169.99
90,NB W880G v10,['https://www.runningfree.com/products/Shoes-27/Womens-727/Neutral-Cushion-35/NB-W880G-v10-p54222/?pstart=145'],On Sale $ 80.00
91,Mizuno Wave Neo Wind,['https://www.runningfree.com/products/Shoes-27/Womens-727/Neutral-Cushion-35/Mizuno-Wave-Neo-Wind-p60106/?pstart=145'],$ 279.99
92,Brooks Levitate 4,['https://www.runningfree.com/products/Shoes-27/Womens-727/Neutral-Cushion-35/Brooks-Levitate-4-p56745/?pstart=145'],On Sale $ 90.00
93,Asics Jolt 3,['https://www.runningfree.com/products/Shoes-27/Womens-727/Neutral-Cushion-35/Asics-Jolt-3-p59682/?pstart=145'],$ 79.99
94,On Cloud,['https://www.runningfree.com/products/Shoes-27/Womens-727/Neutral-Cushion-35/On-Cloud-p54749/?pstart=145'],$ 159.99
95,On Cloudswift 2.0,['https://www.runningfree.com/products/Shoes-27/Womens-727/Neutral-Cushion-35/On-Cloudswift-20-p56626/?pstart=145'],$ 189.99
96,Saucony Peregrine Ice 2,['https://www.runningfree.com/products/Shoes-27/Womens-727/Neutral-Cushion-35/Saucony-Peregrine-Ice-2-p57535/?pstart=145'],$ 199.99
97,Icebug NewRun BUGrip,['https://www.runningfree.com/products/Shoes-27/Womens-727/Neutral-Cushion-35/Icebug-NewRun-BUGrip-p58463/?pstart=145'],On Sale $ 189.99
98,NB W840BK V4,['https://www.runningfree.com/products/Shoes-27/Womens-727/Neutral-Cushion-35/NB-W840BK-V4-p55748/?pstart=145'],$ 169.99
99,Nike Air Zoom Pegasus 38,['https://www.runningfree.com/products/Shoes-27/Womens-727/Neutral-Cushion-35/Nike-Air-Zoom-Pegasus-38-p57956/?pstart=145'],$ 159.99
100,Saucony Grid Type A6,['https://www.runningfree.com/products/Shoes-27/Womens-727/Neutral-Cushion-35/Saucony-Grid-Type-A6-p38667/?pstart=145'],On Sale $ 60.00
101,Mizuno Wave Sky 5,['https://www.runningfree.com/products/Shoes-27/Womens-727/Neutral-Cushion-35/Mizuno-Wave-Sky-5-p57432/?pstart=145'],$ 199.99
102,Brooks Ghost 14 GTX,['https://www.runningfree.com/products/Shoes-27/Womens-727/Neutral-Cushion-35/Brooks-Ghost-14-GTX-p57779/?pstart=145'],$ 194.99
103,On Cloud X 3.0,['https://www.runningfree.com/products/Shoes-27/Womens-727/Neutral-Cushion-35/On-Cloud-X-30-p59886/?pstart=145'],$ 179.99
104,Brooks Ghost 15,['https://www.runningfree.com/products/Shoes-27/Womens-727/Neutral-Cushion-35/Brooks-Ghost-15-p60040/?pstart=145'],$ 179.99
105,Mizuno Wave Rider 26 GTX,['https://www.runningfree.com/products/Shoes-27/Womens-727/Neutral-Cushion-35/Mizuno-Wave-Rider-26-GTX-p60113/?pstart=193'],$ 194.99
106,Saucony Peregrine Ice+ 3,['https://www.runningfree.com/products/Shoes-27/Womens-727/Neutral-Cushion-35/Saucony-Peregrine-Ice-3-p60159/?pstart=193'],$ 199.99
107,Mizuno Wave Shadow 5,['https://www.runningfree.com/products/Shoes-27/Womens-727/Neutral-Cushion-35/Mizuno-Wave-Shadow-5-p57430/?pstart=193'],$ 149.99
108,Asics Magic Speed,['https://www.runningfree.com/products/Shoes-27/Womens-727/Neutral-Cushion-35/Asics-Magic-Speed-p57167/?pstart=193'],$ 199.99
